yyyymm,Index,D12,E12,b/m,tbl,AAA,BAA,lty,ntis,Rfree,infl,ltr,corpr,svar,csp,CRSP_SPvw,CRSP_SPvwx
200001,1394.46,16.715333333333334,49.096666666666664,0.15465416004384142,0.053200000000000004,0.07780000000000001,0.0833,0.0666,0.02535878070683641,0.0040999999999999995,0.002970885323826611,0.0228,-0.0021,0.005206353996,0.00062237216,-0.04963,-0.050296
200002,1366.42,16.738666666666667,50.023333333333326,0.1670564326414902,0.0555,0.0768,0.08289999999999999,0.0646,0.027418814027088474,0.0043,0.005924170616113722,0.0264,0.0092,0.0030004219760000005,0.00040469089,-0.017458,-0.018666
200003,1498.58,16.762,50.949999999999996,0.14997356178980206,0.056900000000000006,0.0768,0.0837,0.0618,0.01829139008932665,0.004699999999999999,0.008244994110718329,0.0367,0.0169,0.006678340149000001,0.00018488374,0.098488,0.097431
200004,1452.43,16.74266666666667,51.273333333333326,0.15260041819792453,0.056600000000000004,0.0764,0.084,0.063,0.011944945832683738,0.0046,0.0005841121495329116,-0.0076,-0.0115,0.007941721182000002,-0.00038694213,-0.031585,-0.032308
200005,1420.6,16.723333333333336,51.596666666666664,0.15566873114331997,0.0579,0.0799,0.08900000000000001,0.064,0.009178527500564079,0.005,0.0011675423234092097,-0.0054,-0.0161,0.00518549797,8.9130356e-06,-0.022304,-0.023617
200006,1454.6,16.704,51.92,0.15677796158526175,0.056900000000000006,0.0767,0.0848,0.0622,0.007124212685825067,0.004,0.005247813411078717,0.0244,0.0326,0.002359742922,-0.00024674334,0.026219,0.025497
200007,1430.83,16.585,52.513333333333335,0.15567415100664705,0.0596,0.0765,0.08349999999999999,0.0611,0.004712233861061194,0.0048,0.002320185614849146,0.0173,0.0179,0.002065471217,7.1589538e-06,-0.012795,-0.013559
200008,1517.68,16.466,53.10666666666667,0.14605306404363275,0.060899999999999996,0.0755,0.08259999999999999,0.0594,0.004674638214227245,0.005,0.0,0.024,0.0135,0.001039275447,-0.00027761545,0.062594,0.061275
200009,1436.51,16.347,53.699999999999996,0.1537894628785958,0.06,0.0762,0.08349999999999999,0.0612,0.004468925797677385,0.0051,0.005208333333333259,-0.0157,0.0046,0.0015999826230000001,-0.00050848747,-0.052088,-0.052795
200010,1429.4,16.321666666666665,52.46666666666667,0.14930078887157974,0.0611,0.0755,0.0834,0.06,0.0037442803893113436,0.005600000000000001,0.0017271157167531026,0.0187,0.0045,0.005568072940000002,-0.0013389528,-0.00412,-0.004829
200011,1314.95,16.296333333333333,51.233333333333334,0.1572808929257013,0.0617,0.0745,0.0828,0.0576,0.0011574522068565425,0.0051,0.0005747126436781436,0.0319,0.0263,0.003272437096,-0.0018525551,-0.078268,-0.079557
200012,1320.28,16.270999999999997,50.0,0.15185150364920535,0.057699999999999994,0.0721,0.0802,0.0558,-0.00226174721750238,0.005,-0.0005743825387707346,0.0243,0.027,0.005299358621000002,-0.00052485301,0.00572,0.004861
200101,1366.01,16.171666666666663,48.480000000000004,0.15044966622190453,0.051500000000000004,0.07150000000000001,0.0793,0.0562,-0.003192590836437121,0.0054,0.006321839080459801,0.0005,0.0359,0.004941047714,-0.0015650504,0.032375,0.031555
200102,1239.94,16.072333333333333,46.96000000000001,0.15607009127121954,0.048799999999999996,0.071,0.0787,0.0549,-0.006855720529202608,0.0038,0.003997715591090856,0.0191,0.0127,0.00252844686,-0.0022728464,-0.090952,-0.092131
200103,1160.33,15.972999999999999,45.440000000000005,0.1331135514482312,0.044199999999999996,0.0698,0.0784,0.0559,-0.0052134443887948585,0.0042,0.0022753128555175195,-0.0074,-0.0029,0.007139632405000001,-0.0018640665,-0.063706,-0.064587
200104,1249.46,15.877333333333333,42.55666666666667,0.12249690060368182,0.0387,0.07200000000000001,0.08070000000000001,0.0593,-0.002543025511011858,0.0039000000000000003,0.0039727582292850006,-0.0313,-0.0128,0.007426209725,-0.0010245789,0.077825,0.076981
200105,1255.82,15.781666666666666,39.67333333333333,0.120510187998605,0.0362,0.0729,0.08070000000000001,0.0594,-0.00024828572675928936,0.0032,0.0045223289994347216,0.0037,0.0132,0.002536247072,-0.0011840987,0.00687,0.00533
200106,1224.42,15.686,36.79,0.12520943283134334,0.0349,0.0718,0.0797,0.059,0.005040754504167141,0.0028000000000000004,0.0016882386043894915,0.0085,0.0055,0.001508369233,-0.0015922058,-0.024506,-0.025183
200107,1211.23,15.702666666666666,33.96333333333333,0.12496658328228791,0.0351,0.0713,0.0797,0.0561,0.00791383668625664,0.003,-0.002808988764044895,0.0376,0.0361,0.0028995945080000003,-0.0020270501,-0.009317,-0.010248
200108,1133.58,15.719333333333335,31.136666666666663,0.13216414381465613,0.0336,0.0702,0.0785,0.0546,0.009918320763664635,0.0031,0.0,0.0206,0.0156,0.0022214854740000007,-0.0026412673,-0.063435,-0.064933
200109,1040.94,15.736,28.31,0.14862858821556416,0.0264,0.0717,0.0803,0.0542,0.008652733962339634,0.0028000000000000004,0.004507042253521165,0.0081,-0.0152,0.0071675871149999995,-0.001822915,-0.080361,-0.081352
200110,1059.78,15.737333333333336,27.10333333333333,0.14490139957107073,0.0216,0.0703,0.0791,0.0506,0.010749273649279025,0.0022,-0.0033651149747617737,0.0464,0.0437,0.0032497575220000008,-0.0013347395,0.01954,0.018546
200111,1139.45,15.738666666666667,25.89666666666667,0.13348136666603183,0.0187,0.0697,0.0781,0.0553,0.011161766529925211,0.0017000000000000001,-0.0016882386043892694,-0.0471,-0.0188,0.002189351207,-0.0010598798,0.078787,0.077259
200112,1148.08,15.74,24.69,0.1312178459137877,0.0169,0.0677,0.0805,0.0575,0.013466789150058887,0.0015,-0.003945885005637084,-0.0183,-0.009,0.0017979546380000003,-0.0013361672,0.009051,0.007849
200201,1130.2,15.736666666666668,24.693333333333335,0.1325605486679537,0.0165,0.0655,0.0787,0.0569,0.011193294539452404,0.0014000000000000002,0.002263723825693287,0.013800000000000002,0.0175,0.0021838889320000003,-0.0020042449,-0.014324,-0.01532
200202,1106.73,15.733333333333334,24.69666666666667,0.13011908568679617,0.0172,0.06509999999999999,0.0789,0.0563,0.012501026727261978,0.0013,0.0039525691699606735,0.0115,0.013000000000000001,0.002567831979000001,-0.0018207545,-0.019481,-0.020973
200203,1147.39,15.73,24.700000000000003,0.23683340230085725,0.0179,0.0681,0.08109999999999999,0.0604,0.013761371083999776,0.0013,0.0056242969628796935,-0.0436,-0.029500000000000002,0.0020148243980000003,-0.0022385902,0.037572,0.03669
200204,1076.92,15.833,25.380000000000003,0.24773231255207134,0.0171,0.0676,0.0803,0.0575,0.015108861753893693,0.0015,0.005592841163311046,0.041,0.0253,0.002319716788,-0.0020475182,-0.061001,-0.061826
200205,1067.14,15.936,26.06,0.24825561406925717,0.0173,0.0675,0.0809,0.0578,0.022279336074493682,0.0014000000000000002,0.0,0.0015,0.011300000000000001,0.004101624997000001,-0.002141779,-0.0078,-0.009438
200206,989.81,16.039,26.74,0.26657250177680364,0.017,0.0663,0.0795,0.0566,0.02752489697391981,0.0013,0.0005561735261401246,0.0187,0.0073,0.0037079692790000004,-0.0026067905,-0.071349,-0.072611
200207,911.62,15.959,27.839999999999996,0.28203219448297867,0.0168,0.0653,0.079,0.0544,0.028443333598056557,0.0015,0.0011117287381878782,0.0303,0.0094,0.015342791354000001,-0.0024205352,-0.073987,-0.075074
200208,916.07,15.879,28.939999999999998,0.284411555995003,0.016200000000000003,0.0637,0.0758,0.051,0.024749986032815866,0.0014000000000000002,0.003331482509716821,0.046400000000000004,0.045200000000000004,0.009409277857999998,-0.0029084989,0.007061,0.005401
200209,815.29,15.799,30.04,0.3245551554638465,0.0163,0.061500000000000006,0.07400000000000001,0.048,0.029301838729491967,0.0014000000000000002,0.0016602102933038765,0.0417,0.033,0.007366061247999999,-0.0032126151,-0.108965,-0.110421
200210,885.76,15.890666666666664,29.223333333333333,0.2934370637545664,0.0158,0.0632,0.07730000000000001,0.0508,0.025673325746951612,0.0014000000000000002,0.0016574585635360517,-0.029400000000000003,-0.024,0.011589679134999998,-0.0037533659,0.088599,0.087103
200211,936.31,15.982333333333333,28.406666666666666,0.27697549934051,0.0123,0.06309999999999999,0.0762,0.0521,0.022909886824945404,0.0012,0.0,-0.0122,0.013000000000000001,0.004449081113,-0.0041663869,0.059019,0.057288
200212,879.82,16.073999999999998,27.589999999999996,0.29538589561836665,0.011899999999999999,0.0621,0.0745,0.0484,0.025733594769957967,0.0011,-0.0022062879205736463,0.0507,0.0361,0.0026394797,-0.0041443054,-0.058834,-0.060464
200301,855.7,16.124,28.5,0.3059423071509392,0.011699999999999999,0.0617,0.0735,0.0495,0.028289913159242244,0.001,0.004422332780541716,-0.0106,0.0021000000000000003,0.005167513391,,-0.026579,-0.02786
200302,841.15,16.174,29.41,0.312251320581896,0.011699999999999999,0.059500000000000004,0.0706,0.0472,0.02791621307154707,0.0009,0.007705008255366019,0.0329,0.0264,0.002564160074,,-0.015246,-0.017225
200303,848.18,16.224,30.32,0.2861177007992168,0.0113,0.058899999999999994,0.0695,0.0486,0.02409960362152142,0.001,0.006007646095030017,-0.0135,-0.008,0.006136132637000001,,0.010308,0.008967
200304,916.92,16.204333333333334,31.73,0.2696540306098937,0.0113,0.0574,0.06849999999999999,0.0481,0.019967818722382964,0.001,-0.0021715526601518986,0.0102,0.0229,0.00306482826,,0.082774,0.081462
200305,963.59,16.184666666666665,33.14,0.2583755061075094,0.010700000000000001,0.052199999999999996,0.0638,0.0436,0.006448996632457042,0.0009,-0.0016322089227421843,0.0592,0.0471,0.002228351412,,0.053251,0.051508
200306,974.51,16.165,34.55,0.2544883372653901,0.0092,0.049699999999999994,0.061900000000000004,0.0452,0.0012627567929301684,0.001,0.0010899182561308063,-0.0154,-0.0143,0.001997740957,,0.012816,0.011351
200307,990.31,16.305333333333333,35.89333333333333,0.24764333478963677,0.009000000000000001,0.054900000000000004,0.0662,0.0542,0.000272444692419362,0.0007000000000000001,0.0010887316276537717,-0.09820000000000001,-0.0881,0.0020460593980000004,,0.017932,0.016505
200308,1008.01,16.445666666666668,37.236666666666665,0.24285607334599177,0.0095,0.0588,0.0701,0.0532,0.0029178648123402502,0.0007000000000000001,0.0038064165307232223,0.0166,0.0219,0.00096602471,,0.019597,0.018014
200309,995.97,16.586000000000002,38.58,0.24654178263370644,0.009399999999999999,0.0572,0.0679,0.049,0.007324253578960909,0.0008,0.003250270855904569,0.0546,0.050300000000000004,0.0018691216959999999,,-0.010737,-0.012107
200310,1050.71,16.852333333333334,41.96666666666667,0.23330896667445805,0.0092,0.057,0.0673,0.0518,0.007212234247624663,0.0007000000000000001,-0.001079913606911398,-0.028300000000000002,-0.020300000000000002,0.0014075759560000002,,0.05556,0.05397
200311,1058.2,17.11866666666667,45.35333333333333,0.2337541521073348,0.009300000000000001,0.0565,0.0666,0.0519,0.01000158455170286,0.0007000000000000001,-0.002702702702702675,-0.0027,0.005200000000000001,0.000919633307,,0.009259,0.007606
200312,1111.92,17.385,48.739999999999995,0.21873986475412183,0.009000000000000001,0.0562,0.066,0.0511,0.00694843554032715,0.0008,-0.0010840108401083404,0.013900000000000001,0.013900000000000001,0.0008936987450000002,,0.05178,0.050107
200401,1131.13,17.598000000000003,49.82666666666667,0.21802772102016865,0.0088,0.0554,0.0644,0.0499,0.006886539954828099,0.0007000000000000001,0.004883342376559741,0.0187,0.0187,0.000978818637,,0.019078,0.017991
200402,1144.94,17.811,50.91333333333333,0.2160532203569188,0.009300000000000001,0.055,0.06269999999999999,0.0483,0.009363907795805572,0.0006,0.005399568034557323,0.023,0.0178,0.0006107118710000001,,0.014403,0.012716
200403,1126.21,18.024,52.0,0.281731465479788,0.009399999999999999,0.0533,0.0611,0.0474,0.012282048951529687,0.0009,0.0064446831364124435,0.0141,0.0118,0.0019812629170000004,,-0.014982,-0.016267
200404,1107.3,18.216666666666665,53.383333333333326,0.28537186680057935,0.009399999999999999,0.057300000000000004,0.0646,0.0531,0.013766290329766026,0.0008,0.0032017075773744796,-0.0588,-0.0534,0.001230928287,,-0.015584,-0.016719
200405,1120.68,18.409333333333333,54.766666666666666,0.2864115738900421,0.0102,0.0604,0.0675,0.0539,0.01633009403867897,0.0006,0.005851063829787284,-0.0051,-0.0071,0.0009776264459999998,,0.013629,0.012024
200406,1140.84,18.601999999999997,56.15,0.2796316029545359,0.0127,0.0601,0.0678,0.0532,0.014491437473852866,0.0008,0.0031729243786355887,0.0121,0.0093,0.0007707513740000001,,0.019488,0.018019
200407,1101.72,18.788999999999998,56.69,0.2877883095275901,0.013300000000000001,0.0582,0.0662,0.0523,0.014720681566114287,0.001,-0.001581444385872377,0.0155,0.0184,0.000777089179,,-0.032954,-0.034111
200408,1104.24,18.976,57.230000000000004,0.2868206158491516,0.0148,0.0565,0.0646,0.0493,0.014278707379752188,0.0011,0.000527983104540608,0.0395,0.0395,0.0014428365800000004,,0.003807,0.002019
200409,1114.58,19.163,57.77,0.2894853014849801,0.0165,0.0546,0.06269999999999999,0.0488,0.009132266737347728,0.0011,0.0021108179419524475,0.0096,0.0101,0.0007056802259999999,,0.010817,0.009347
200410,1130.2,19.256,58.03,0.29100959663803533,0.0176,0.0547,0.0621,0.0478,0.007428866652320913,0.0011,0.00526592943654558,0.0154,0.0164,0.001230486751,,0.014973,0.013699
200411,1173.82,19.349,58.29,0.27983164589250886,0.0207,0.0552,0.062,0.0502,0.012176920019086405,0.0015,0.0005238344683080598,-0.0234,-0.02,0.0008574002369999999,,0.040559,0.035572
200412,1211.92,19.442,58.55,0.27061924267899223,0.0219,0.0547,0.061500000000000006,0.0484,0.013001305365511818,0.0016,-0.003664921465968529,0.025,0.0257,0.0007278431099999999,,0.033734,0.032086
200501,1181.27,19.703000000000003,59.10666666666667,0.2781798561288244,0.0233,0.0536,0.0602,0.0465,0.013545480195638768,0.0016,0.0021019442984759884,0.03,0.0277,0.0008213965099999999,,-0.023824,-0.024749
200502,1203.6,19.964000000000002,59.663333333333334,0.27104102364523147,0.0254,0.052000000000000005,0.0582,0.0479,0.01175839869547987,0.0016,0.0057682223387520715,-0.0128,-0.0112,0.0008344462299999999,,0.021152,0.019015
200503,1180.59,20.225,60.22,0.3198568893424831,0.0274,0.054000000000000006,0.060599999999999994,0.0488,0.009096661529727497,0.0021,0.007820646506777829,-0.0072,-0.0125,0.000859895714,,-0.01724,-0.018729
200504,1156.85,20.458333333333336,61.233333333333334,0.32962440066283966,0.0278,0.0533,0.0605,0.0461,0.007935532660920668,0.0021,0.0067252974650799935,0.0373,0.0327,0.00182587057,,-0.018926,-0.020076
200505,1191.5,20.69166666666667,62.24666666666667,0.32096550459136297,0.028399999999999998,0.051500000000000004,0.0601,0.044,0.004776584063324951,0.0024,-0.0010277492291880241,0.0297,0.0295,0.0008593926830000001,,0.031994,0.030156
200506,1191.33,20.925,63.26,0.32697905687315876,0.0297,0.0496,0.058600000000000006,0.0429,0.005365446385080897,0.0023,0.0005144032921811093,0.0167,0.0141,0.0005421325960000001,,0.001717,0.000139
200507,1234.18,21.107000000000003,64.33,0.31573427460621317,0.0322,0.0506,0.059500000000000004,0.0456,0.004480055311163906,0.0024,0.004627249357326502,-0.0288,-0.0244,0.0006499132879999999,,0.037364,0.036163
200508,1220.33,21.289,65.4,0.32053312471378415,0.0344,0.0509,0.0596,0.0432,0.0054049188082676445,0.003,0.0051177072671442225,0.0333,0.0233,0.0006967006769999999,,-0.009159,-0.011265
200509,1228.81,21.471000000000004,66.47,0.31789150983564674,0.0342,0.0513,0.0603,0.0464,0.006716247889882326,0.0029,0.012219959266802416,-0.0338,-0.031,0.0006598993309999999,,0.008067,0.006916
200510,1207.01,21.719333333333335,67.59,0.32180818710985654,0.0371,0.0535,0.063,0.0484,0.005749516951581172,0.0027,0.002012072434607548,-0.0196,-0.0204,0.0018179842920000003,,-0.015672,-0.016697
200511,1249.48,21.96766666666667,68.71000000000001,0.310914345628811,0.0388,0.0542,0.0639,0.0481,0.005767935069687243,0.0031,-0.008032128514056214,0.0076,0.0099,0.0005398964150000001,,0.038289,0.035675
200512,1248.29,22.216,69.83,0.3134779566130161,0.038900000000000004,0.0537,0.0632,0.0461,0.0030595281478371676,0.0032,-0.004048582995951344,0.0267,0.0225,0.00043300026,,-6e-05,-0.001396
200601,1280.08,22.405333333333335,70.77666666666667,0.30922625786250346,0.0424,0.0529,0.062400000000000004,0.0474,-0.0004457562323218585,0.0034999999999999996,0.007621951219512146,-0.0118,-0.0093,0.0009753876000000001,,0.026442,0.025424
200602,1280.66,22.594666666666665,71.72333333333333,0.3056103611163415,0.0443,0.0535,0.06269999999999999,0.0457,0.0020379615970766234,0.0034000000000000002,0.0020171457387794245,0.0238,0.0128,0.0006485510200000001,,0.002425,0.000167
200603,1294.87,22.784,72.67,0.3160094407218444,0.0451,0.0553,0.0641,0.0507,0.0021522975331640295,0.0037,0.005535983895319729,-0.0539,-0.0404,0.0005452381439999999,,0.012909,0.011511
200604,1310.61,23.001666666666665,73.27666666666667,0.30884197784139195,0.046,0.0584,0.0668,0.0532,-0.0034725143982301462,0.0036,0.008508508508508372,-0.0247,-0.0224,0.0005998004669999999,,0.012064,0.01085
200605,1270.09,23.219333333333335,73.88333333333333,0.3143403075308619,0.0472,0.059500000000000004,0.0675,0.0535,-0.0026567341614772166,0.0043,0.00496277915632759,0.001,-0.002,0.001355149012,,-0.028319,-0.030519
200606,1270.2,23.437,74.49,0.314850289949436,0.0479,0.058899999999999994,0.0678,0.0531,-0.0021952301925095667,0.004,0.0019753086419753707,0.0092,0.0039,0.002102820483,,0.001587,0.000348
200607,1276.66,23.656666666666666,75.85,0.3138521752812525,0.0495,0.058499999999999996,0.0676,0.0518,-0.0023627131681439265,0.004,0.0029571217348447476,0.0199,0.0237,0.001451664947,,0.005571,0.00451
200608,1303.82,23.87633333333333,77.21,0.30846179867588075,0.0496,0.056799999999999996,0.0659,0.0496,-0.008473996728187003,0.0042,0.0019656019656020263,0.0299,0.0361,0.0004692382800000001,,0.02415,0.021679
200609,1335.85,24.095999999999997,78.57,0.3005932835405559,0.0481,0.055099999999999996,0.0643,0.0484,-0.00949337211559085,0.0040999999999999995,-0.004904364884747436,0.017,0.0183,0.000513377211,,0.026487,0.025296
200610,1377.94,24.358666666666664,79.55,0.2905991608123019,0.0492,0.055099999999999996,0.0642,0.0481,-0.008934885839326114,0.0040999999999999995,-0.005421389847215297,0.0077,0.0127,0.00045057733999999996,,0.032527,0.03142
200611,1400.63,24.621333333333332,80.53,0.28724186769192755,0.049400000000000006,0.0533,0.062,0.0467,-0.015111029934689737,0.0042,-0.0014866204162538033,0.0207,0.0246,0.000592202888,,0.018385,0.015887
200612,1418.3,24.884,81.50999999999999,0.28168239971435793,0.048499999999999995,0.053200000000000004,0.0622,0.0491,-0.015036780227558307,0.004,0.0014888337468983437,-0.0236,-0.0232,0.0003575089390000001,,0.013768,0.012294
200701,1438.24,25.087333333333333,82.05666666666666,0.2781442104821145,0.049800000000000004,0.054000000000000006,0.0634,0.0502,-0.013987559318552856,0.0044,0.0030525272547075044,-0.0102,-0.0051,0.000450484789,,0.015313,0.014345
200702,1406.82,25.290666666666667,82.60333333333332,0.2861484941676455,0.050300000000000004,0.053899999999999997,0.06280000000000001,0.0477,-0.015140723772533025,0.0038,0.005350367559876723,0.0335,0.0287,0.001476815008,,-0.019288,-0.021598
200703,1420.86,25.494,83.14999999999999,0.2690500134610926,0.049400000000000006,0.053,0.06269999999999999,0.0493,-0.012486207333879515,0.0043,0.009105695851085338,-0.0145,-0.0231,0.0015875509920000004,,0.010894,0.009679
200704,1482.37,25.71933333333333,83.74024810490764,0.25445616893961986,0.0487,0.0547,0.0639,0.0489,-0.008911661925613677,0.0044,0.006496162686508988,0.0085,0.014,0.0005821436950000001,,0.043991,0.042857
200705,1530.62,25.944666666666663,84.33049620981528,0.2439114941253988,0.0473,0.0547,0.0639,0.051,-0.010283147487292154,0.0040999999999999995,0.006110718674704696,-0.02,-0.0178,0.0006965496190000001,,0.034459,0.032154
200706,1503.35,26.169999999999998,84.92074431472292,0.24789560997351326,0.0461,0.0579,0.067,0.0521,-0.011064108257571826,0.004,0.0019379751766057662,-0.0091,-0.0148,0.0014724290329999998,,-0.01662,-0.017829
200707,1455.27,26.43933333333333,82.81407764805627,0.25158496439999195,0.0482,0.057300000000000004,0.0665,0.0501,-0.015261556239454145,0.004,-0.0002543772078021922,0.0284,-0.0032,0.0024262621089999998,,-0.031197,-0.032283
200708,1473.99,26.708666666666666,80.7074109813896,0.24883985118762977,0.042,0.0579,0.0665,0.0487,-0.012197567081880075,0.0042,-0.0018339022270870142,0.0199,0.0152,0.005134044114,,0.015094,0.012859
200709,1526.75,26.978,78.60074431472293,0.23920743671233688,0.038900000000000004,0.0574,0.0659,0.0489,-0.01301503256928347,0.0032,0.002755907405358915,0.0012,0.0135,0.001868431408,,0.037468,0.035923
200710,1549.38,27.229333333333333,74.46074431472293,0.2386170601315469,0.039,0.056600000000000004,0.06480000000000001,0.048,-0.01795410099031676,0.0032,0.002139191328121237,0.0155,0.0088,0.001682891171,,0.01736,0.016292
200711,1481.14,27.480666666666664,70.32074431472293,0.2485796916031034,0.0327,0.054400000000000004,0.064,0.0445,-0.025158594875820547,0.0034000000000000002,0.005939617873415681,0.0468,0.0079,0.005636820058,,-0.041382,-0.043581
200712,1468.36,27.732,66.18074431472293,0.2505829731427226,0.03,0.054900000000000004,0.0665,0.045,-0.040636970068561894,0.0027,-0.000670863129647814,-0.0029,0.0028,0.0023453329829999994,,-0.006116,-0.007903
200801,1378.55,27.921999999999997,64.25074431472294,0.2627544223091714,0.0275,0.0533,0.0654,0.0436,-0.043177118625881736,0.0021,0.004970576472604682,0.0213,0.0017,0.004831798632000001,,-0.061166,-0.062332
200802,1330.63,28.112,62.32074431472294,0.2709793210392829,0.0212,0.0553,0.0682,0.0438,-0.04960708938865012,0.0013,0.0029041121849535667,0.0018,-0.0071,0.0032256550690000006,,-0.031419,-0.033693
200803,1322.7,28.302,60.39074431472294,0.25405756718033023,0.0126,0.055099999999999996,0.0689,0.0432,-0.05183139775080654,0.0017000000000000001,0.008668212930989627,0.0106,-0.0059,0.006337648871000001,,-0.0034,-0.005054
200804,1385.59,28.438666666666666,57.38382954314862,0.24301469641883508,0.0129,0.0555,0.0697,0.0458,-0.04884518860770885,0.0018,0.006064778389719416,-0.0288,0.0091,0.0029036913849999992,,0.048629,0.04749
200805,1400.38,28.575333333333333,54.376914771574306,0.24651061216997197,0.0173,0.0557,0.0693,0.0475,-0.04546124393991885,0.0018,0.00842088603175628,-0.0164,-0.0277,0.0016406620900000003,,0.012986,0.010708
200806,1280.0,28.712000000000003,51.37,0.2744913881133144,0.018600000000000002,0.056799999999999996,0.0707,0.046,-0.04737564430176349,0.0017000000000000001,0.010076996934894167,0.022,-0.0061,0.0034251768430000004,,-0.082842,-0.084569
200807,1267.38,28.759333333333338,49.56333333333333,0.27381565509640515,0.0163,0.0567,0.0716,0.0465,-0.04693137714354738,0.0015,0.005251011128121874,-0.0025,-0.0109,0.00446591099,,-0.007306,-0.008738
200808,1282.83,28.80666666666667,47.75666666666667,0.269889245509397,0.0172,0.0564,0.07150000000000001,0.0449,-0.04633216680269681,0.0013,-0.00399156225564179,0.0242,0.0121,0.003447891326,,0.014955,0.012682
200809,1166.36,28.854000000000003,45.95,0.28712354824499153,0.0113,0.0565,0.0731,0.0443,-0.04892122735574729,0.0015,-0.0013830185406644713,0.0112,-0.0863,0.023774695392,,-0.085467,-0.087287
200810,968.75,28.698333333333334,35.593333333333334,0.33409937361997466,0.0067,0.06280000000000001,0.0888,0.0478,-0.055953349949535026,0.0008,-0.01010133328457874,-0.0383,-0.045,0.05808849261200002,,-0.16698,-0.168455
200811,896.24,28.54266666666667,25.236666666666665,0.352867355907324,0.0019,0.061200000000000004,0.09210000000000002,0.0372,-0.05277765280240362,0.0003,-0.019152895328595876,0.1443,0.1174,0.03625708513899999,,-0.073512,-0.076514
200812,903.25,28.387,14.879999999999995,0.35498422472109836,0.0003,0.050499999999999996,0.0843,0.0303,-0.02449714128778858,0.0,-0.010342473814287434,0.0967,0.156,0.020089946671,,0.011995,0.009229
200901,825.88,28.009666666666668,12.206666666666663,0.3893931402374245,0.0013,0.050499999999999996,0.0814,0.0394,-0.0250559463096663,0.0,0.004352417375421025,-0.1124,-0.0949,0.011971096875,,-0.082615,-0.084039
200902,735.09,27.632333333333335,9.533333333333331,0.4411030549644411,0.003,0.0527,0.0808,0.0401,-0.02492727802018957,0.0001,0.004972933035904736,-0.005600000000000001,-0.0308,0.009961162350000002,,-0.103588,-0.107402
200903,797.87,27.255000000000003,6.859999999999999,0.29652828522313285,0.0021,0.055,0.0842,0.0355,-0.03742552011375591,0.0002,0.0024317484554154944,0.0641,-0.0018,0.020364427765000005,,0.087634,0.084154
200904,872.81,26.701333333333338,7.076666666666666,0.27622757745968474,0.0016,0.053899999999999997,0.0839,0.040999999999999995,-0.030990827070458138,0.0001,0.002496368277788097,-0.0649,-0.003,0.007551065655999999,,0.09423,0.09255
200905,919.14,26.14766666666667,7.293333333333333,0.2654320479322568,0.0018,0.0554,0.0806,0.0432,-0.024348684397920893,0.0,0.0028887638341774657,-0.0248,0.0489,0.006381091354,,0.05464,0.051848
200906,919.32,25.594,7.51,0.26710784894045225,0.0018,0.056100000000000004,0.075,0.0429,-0.02209742957998023,0.0001,0.008589892263953347,0.0083,0.035,0.003472522931,,0.002476,0.00068
200907,987.48,25.029666666666667,9.186666666666667,0.24600479087095942,0.0018,0.0541,0.0709,0.043,-0.01378164391101788,0.0001,-0.0015855869221532704,0.0019,0.0565,0.0037711532179999993,,0.074482,0.073101
200908,1020.62,24.465333333333334,10.863333333333333,0.23759408947503655,0.0017000000000000001,0.0526,0.0658,0.0415,-0.007921335111177751,0.0001,0.002242850044810618,0.0231,0.0235,0.0021777353590000004,,0.034751,0.032255
200909,1057.08,23.901,12.54,0.2323100240108399,0.0012,0.0513,0.06309999999999999,0.0403,-1.4791164629244888e-05,0.0001,0.0006254806934959944,0.0176,0.0273,0.0019126576490000003,,0.036534,0.034978
200910,1036.19,23.40233333333333,25.349999999999998,0.23229926086692415,0.0007000000000000001,0.051500000000000004,0.0629,0.042,0.0031970044950538692,0.0,0.000963101185818438,-0.0171,0.0016,0.0038980190779999997,,-0.018259,-0.019458
200911,1095.63,22.903666666666666,38.16,0.21810487160748743,0.0005,0.0519,0.0632,0.0406,0.007531928441904797,0.0,0.0007077533687673832,0.0208,0.0044,0.0020013324180000003,,0.060257,0.057607
200912,1115.1,22.405,50.97,0.21636451685597982,0.0005,0.0526,0.0637,0.0458,0.01059449014456254,0.0001,-0.001761198169463296,-0.0584,-0.0275,0.0009334541459999999,,0.018983,0.017346
201001,1073.87,22.238,54.29,0.2241170201036422,0.0006,0.0526,0.0625,0.0440589,0.013409696701461863,0.0,0.0034174735701484327,0.0263637,0.0095528,0.0019917045380000004,,-0.035751,-0.036781
201002,1104.49,22.070999999999998,57.61,0.21851846830007188,0.0011,0.0535,0.0634,0.0440712,0.013932087526728967,0.0,0.0002492073820765661,0.0031542,0.00388,0.0023732562839999995,,0.030424,0.028014
201003,1169.43,21.904,60.93000000000001,0.3818781702977812,0.0015,0.0527,0.06269999999999999,0.0457777,0.02639014854285798,0.0001,0.004106283536571276,-0.0178755,0.0045083,0.000633436921,,0.061014,0.05943
201004,1186.69,21.94833333333333,62.986666666666665,0.376606129202506,0.0016,0.0529,0.0625,0.0437358,0.02665103562082256,0.0001,0.001736884910697345,0.0303965,0.0357402,0.0017938673890000002,,0.015977,0.014957
201005,1089.41,21.992666666666665,65.04333333333332,0.4090027948144502,0.0016,0.0496,0.0605,0.040681,0.025719664997802864,0.0001,0.000775197354237811,0.0436836,-0.0051031,0.008107791315,,-0.080111,-0.082337
201006,1030.71,22.037,67.1,0.42417654148446593,0.0012,0.048799999999999996,0.0623,0.0376074,0.018775513314012934,0.0001,-0.0009762670846739097,0.0445643,0.0519454,0.005591726202999999,,-0.053525,-0.055115
201007,1101.6,22.142333333333333,68.68666666666667,0.39613355322121085,0.0016,0.0472,0.0601,0.0376576,0.015556846696006925,0.0001,0.00021104305737162932,0.0024381,0.0169798,0.003348826286000001,,0.070451,0.06862
201008,1049.33,22.247666666666667,70.27333333333333,0.41398161905674846,0.0016,0.0449,0.056600000000000004,0.0327078,0.011217743483584227,0.0001,0.0013806642784079948,0.0702126,0.0473188,0.0027046066069999998,,-0.045434,-0.04784
201009,1141.2,22.353,71.86,0.3843057827874361,0.0015,0.0453,0.056600000000000004,0.034063,0.0033375736118213114,0.0001,0.0005817362307156682,-0.0153301,-0.0143948,0.0023371919450000003,,0.090383,0.088751
201010,1183.26,22.478333333333335,73.69,0.3728872859404231,0.0013,0.046799999999999994,0.0572,0.0367157,0.007231949987281894,0.0001,0.0012451988884769616,-0.0317387,-0.0202745,0.001080044425,,0.038726,0.037081
201011,1180.55,22.60366666666667,75.52,0.3766947543253601,0.0014000000000000002,0.0487,0.0592,0.0380256,0.014798027395065673,0.0001,0.0004206464238194485,-0.0137264,-0.0057274,0.00173791556,,-5.1e-05,-0.002571
201012,1257.64,22.729,77.35,0.35810031690752153,0.0014000000000000002,0.050199999999999995,0.061,0.0413782,0.012611589836853662,0.0001,0.001718440789203024,-0.0388143,-0.0036191,0.000832119987,,0.067054,0.065249
201101,1286.12,22.963,78.67,0.3486322237012831,0.0015,0.0504,0.060899999999999996,0.0432,0.015367561129248638,0.0001,0.004763230053974166,-0.0196,-0.0198,0.0008632403759999999,,0.023349,0.022319
201102,1327.22,23.197000000000003,79.99000000000001,0.3390965734635222,0.0013,0.052199999999999996,0.061500000000000006,0.0426,0.015918145293066774,0.0001,0.00493136502545144,0.0113,0.0157,0.001065548849,,0.032508,0.030251
201103,1325.83,23.431000000000004,81.31,0.3542699393574372,0.001,0.0513,0.0603,0.0429,0.012476374906339956,0.0001,0.0097510720305094,-0.0006,-0.0072,0.0023472688040000003,,0.000625,-0.000867
201104,1363.61,23.73433333333334,82.16333333333333,0.34069680122773904,0.0006,0.0516,0.0602,0.0416,0.009380801047483225,0.0,0.006439429535457064,0.0199,0.0239,0.0006365422389999999,,0.029441,0.028358
201105,1345.2,24.03766666666667,83.01666666666667,0.34722218907396224,0.0004,0.0496,0.057800000000000004,0.0391,0.009116888375398414,0.0,0.004704187527233561,0.0355,0.0257,0.0009341907559999999,,-0.011313,-0.013572
201106,1320.64,24.341,83.86999999999999,0.35157003916438573,0.0004,0.0499,0.0575,0.0409,0.011734807513924625,0.0,-0.0010709670566992902,-0.0179,-0.021,0.0022947485449999997,,-0.016545,-0.018106
201107,1292.28,24.621000000000002,84.90666666666665,0.3594189030275281,0.0004,0.0493,0.0576,0.0378,0.012371741326579144,0.0,0.0008860456667936223,0.042199999999999994,0.0473,0.0018307592150000002,,-0.019828,-0.020982
201108,1218.89,24.901,85.94333333333333,0.3758125221185979,0.0002,0.0437,0.0536,0.0315,0.012726693038635337,0.0001,0.0027575889023645495,0.0862,0.024,0.019222198801,,-0.054323,-0.056735
201109,1131.42,25.181,86.97999999999999,0.3999228470006543,0.0001,0.0409,0.0527,0.0265,0.013050571523432595,0.0,0.0015184621156945077,0.0704,0.0575,0.0069157355560000005,,-0.070238,-0.071739
201110,1253.3,25.595666666666666,86.97,0.3650779045772442,0.0002,0.0398,0.0537,0.0291,0.007894191857639642,0.0,-0.0020626826333582926,-0.030600000000000002,0.0094,0.007400881376000001,,0.109014,0.107554
201111,1246.96,26.010333333333328,86.96,0.3623298975234275,0.0001,0.0387,0.051399999999999994,0.0273,-0.004340273713925312,0.0,-0.0008435613304419443,0.025099999999999997,-0.0356,0.007679542724000001,,-0.002727,-0.005552
201112,1257.6,26.424999999999997,86.95,0.35723254070370847,0.0001,0.0393,0.0525,0.0255,-0.006496967806809107,0.0,-0.0024665163771382392,0.027000000000000003,0.0512,0.0027640645950000008,,0.009427,0.007613
201201,1312.41,26.734333333333332,87.48,0.34548730260882093,0.0003,0.0385,0.052300000000000006,0.0249,-0.013061429798513994,0.0,0.004400191428267641,0.0002,0.0194,0.0006481558919999998,,0.045205,0.044003
201202,1365.68,27.043666666666667,88.00999999999999,0.3369739354404354,0.0009,0.0385,0.051399999999999994,0.0272,-0.014466306591993749,0.0,0.004402973551276279,-0.0196,0.0057,0.000623690891,,0.043341,0.040744
201203,1408.47,27.352999999999998,88.53999999999999,0.3461819673570471,0.0008,0.039900000000000005,0.052300000000000006,0.0297,-0.013775394886176148,0.0,0.0075945586239309915,-0.0302,-0.0303,0.001155301821,,0.032866,0.031282
201204,1397.91,27.675333333333334,88.33333333333333,0.3461403111786845,0.0008,0.039599999999999996,0.0519,0.0268,-0.012414082647929642,0.0,0.0030210295040804525,0.0409,0.0251,0.001627533651,,-0.006034,-0.007237
201205,1310.33,27.997666666666667,88.12666666666667,0.36904735969403196,0.0009,0.038,0.0507,0.0221,-0.015270715284550542,0.0001,-0.0011734793663211729,0.0643,0.0344,0.001496092692,,-0.05979,-0.062433
201206,1362.16,28.32,87.92,0.35510388514365976,0.0009,0.0364,0.050199999999999995,0.0233,-0.01904399343036955,0.0,-0.0014663968844504938,-0.013600000000000001,0.0064,0.0034372579350000006,,0.041465,0.039888
201207,1379.32,28.743333333333332,87.44666666666667,0.3515937051261158,0.001,0.034,0.0487,0.0216,-0.020321396730990763,0.0,-0.0016297858618254946,0.024700000000000003,0.0612,0.0015528655310000003,,0.014363,0.013096
201208,1406.58,29.166666666666664,86.97333333333333,0.34938705232055395,0.001,0.0348,0.049100000000000005,0.0223,-0.019783024621248622,0.0001,0.005565158181437102,-0.0068000000000000005,-0.0093,0.0007271255359999999,,0.022744,0.019938
201209,1440.67,29.59,86.5,0.34038295380040234,0.0011,0.0349,0.0484,0.0235,-0.017425701283296943,0.0001,0.004462212267611232,-0.0146,-0.0126,0.001044683038,,0.02512,0.023547
201210,1412.16,30.142314022689746,86.50333333333333,0.349237122092535,0.001,0.0347,0.0458,0.0238,-0.015714937531035884,0.0001,-0.00038892514055322014,-0.0014000000000000002,0.0206,0.0009255256829999999,,-0.017837,-0.019227
201211,1416.18,30.694628045379496,86.50666666666667,0.3511375309199284,0.0009,0.035,0.0451,0.0228,-0.012093914726925448,0.0001,-0.00473808669488196,0.0144,-0.0092,0.0019026505890000001,,0.005326,0.002154
201212,1426.19,31.246942068069245,86.51000000000002,0.3490324431820784,0.0007000000000000001,0.0365,0.0463,0.0246,-0.011549543058512905,0.0001,-0.002693064490207231,-0.0202,-0.0062,0.001035712328,,0.008508,0.005902
201301,1498.11,31.535275401402576,86.90666666666668,0.3299840266424638,0.0007000000000000001,0.038,0.0473,0.0291,-0.008017663328335808,0.0,0.002957304192926058,-0.0332,-0.0313,0.0009067698529999997,,0.052361,0.051024
201302,1514.68,31.823608734735906,87.30333333333334,0.32543123229658283,0.001,0.039,0.048499999999999995,0.0285,-0.008864201005424191,0.0,0.008190029529268728,0.011399999999999999,0.0093,0.001242765683,,0.013013,0.010511
201303,1569.19,32.11194206806924,87.69999999999999,0.34612999655658244,0.0009,0.0393,0.048499999999999995,0.0287,-0.008910592960214406,0.0,0.0026145085843749527,-0.0062,-0.0018,0.00048449908999999996,,0.037584,0.036025
201304,1597.57,32.49674181955436,88.78333333333333,0.3400362538578687,0.0006,0.0373,0.045899999999999996,0.0264,-0.00800519196942882,0.0,-0.0010396394770870732,0.0378,0.0349,0.0016827297889999997,,0.019621,0.018482
201305,1630.74,32.88154157103948,89.86666666666666,0.3338325977783173,0.0004,0.038900000000000004,0.0473,0.0309,-0.004704661115491731,0.0,0.0017804077735872337,-0.0629,-0.0536,0.001015559735,,0.02312,0.020441
201306,1606.28,33.266341322524596,90.95,0.33844435799753175,0.0005,0.042699999999999995,0.0519,0.033,0.00011872904403408459,0.0,0.002399708085599528,-0.0285,-0.0371,0.002247641145,,-0.013601,-0.015262
201307,1685.73,33.645531342082776,92.09,0.3255625650825766,0.0004,0.0434,0.053200000000000004,0.0344,0.008360218360421334,0.0,0.0003939975332329926,-0.0173,0.0031,0.0005020771070000001,,0.050672,0.049287
201308,1632.97,34.02472136164096,93.22999999999999,0.3407133274050307,0.0004,0.0454,0.0542,0.0351,0.010332143015318474,0.0,0.0012029315570472043,-0.0079,-0.0074,0.00095043767,,-0.029207,-0.031638
201309,1681.55,34.403911381199144,94.36999999999999,0.33352148460607534,0.0002,0.0464,0.0547,0.0349,0.010118727284915113,0.0,0.001163004485263519,0.0060999999999999995,0.0014,0.0006222293619999999,,0.03166,0.030064
201310,1756.54,34.59995562404514,96.31333333333333,0.3245948249521573,0.0005,0.0453,0.053099999999999994,0.0342,0.0096230767095935,0.0,-0.002575283259804717,0.0128,0.0211,0.001438361389,,0.046268,0.044953
201311,1805.81,34.79599986689113,98.25666666666666,0.3136852784431082,0.0007000000000000001,0.0463,0.0538,0.0361,0.010324799555572544,0.0,-0.002042424190523473,-0.0236,-0.0086,0.000644417423,,0.030817,0.028398
201312,1848.36,34.99204410973712,100.2,0.3044081256417155,0.0007000000000000001,0.0462,0.0538,0.0378,0.01214391135996912,0.0,-8.58114978825597e-05,-0.0207,0.0002,0.000745535971,,0.02595,0.024196
201401,1782.59,35.40392243076026,100.41666666666666,0.3214292766667622,0.0004,0.0449,0.0519,0.0342,0.013765330443737425,0.0,0.003720247673236088,0.0548,0.0331,0.001303568866,,-0.034666,-0.035731
201402,1859.45,35.8158007517834,100.63333333333333,0.30916307176147595,0.0005,0.044500000000000005,0.051,0.0339,0.01657616710404537,0.0,0.003697908650968751,0.0074,0.0168,0.001253562652,,0.045757,0.043194
201403,1872.34,36.22767907280654,100.85000000000001,0.35061606571043513,0.0005,0.0438,0.0506,0.0337,0.016416385029332816,0.0,0.006440044126228228,0.0063,0.0062,0.000869064252,,0.008056,0.006537
201404,1883.95,36.61201164751149,101.60666666666667,0.3480113190887796,0.0003,0.0424,0.049,0.0326,0.016623269201606714,0.0,0.003296754453157691,0.0181,0.016,0.001362664416,,0.006555,0.005388
201405,1923.57,36.99634422221644,102.36333333333334,0.3451732559996698,0.0003,0.0416,0.047599999999999996,0.0309,0.013985269513836144,0.0,0.0034926098400485106,0.0279,0.0188,0.0005551926960000001,,0.023309,0.020895
201406,1960.23,37.38067679692139,103.12,0.34292845851211773,0.0004,0.0425,0.048,0.0313,0.013885439985950678,0.0,0.0018621269440941557,-0.0025,0.002,0.000281998742,,0.020635,0.019048
201407,1930.67,37.75198829679195,104.06666666666666,0.34837985184111864,0.0003,0.0416,0.0473,0.031,0.008437177600846951,0.0,-0.0003901939641608454,0.005699999999999999,0.0024,0.000949120989,,-0.013974,-0.015278
201408,2003.37,38.1232997966625,105.01333333333334,0.33747620398340195,0.0003,0.0408,0.046900000000000004,0.0287,0.006738994368722589,0.0,-0.0016705141657922251,0.0369,0.0356,0.000546197032,,0.039777,0.037446
201409,1972.29,38.49461129653305,105.96000000000001,0.33857618128370165,0.0002,0.041100000000000005,0.048,0.03,0.007991447526753907,0.0,0.0007525688243108508,-0.017,-0.0271,0.0007210134850000001,,-0.013928,-0.015467
201410,2018.05,38.81078789526535,104.74333333333334,0.3318083645572415,0.0002,0.0392,0.046900000000000004,0.0282,0.008032296099396964,0.0,-0.0025122778125539202,0.03,0.0225,0.0029439643499999993,,0.023972,0.0228
201411,2067.56,39.12696449399765,103.52666666666667,0.3236617860203811,0.0002,0.0392,0.0479,0.0264,0.006891584463901734,0.0,-0.005399417941061246,0.0286,0.0173,0.000150262084,,0.027631,0.025159
201412,2058.9,39.443141092729945,102.31,0.3237556717220995,0.0003,0.0379,0.047400000000000005,0.0246,0.005624994790225699,0.0,-0.005670100910010967,0.028999999999999998,0.0183,0.0019928412989999996,,-0.002473,-0.004249
201501,1994.98999,39.8976306774656,101.28999999999999,0.33616876250731864,0.0003,0.0346,0.044500000000000005,0.02,0.0001913623582019992,0.0,-0.004705892373473297,0.0709,0.0599,0.00222664808,,-0.02943,-0.030468
201502,2104.5,40.352120262201254,100.27000000000001,0.3182272910267086,0.0002,0.0361,0.0451,0.0238,-0.003766687378397889,0.0,0.0043430449237722435,-0.052300000000000006,-0.032,0.0008135194600000002,,0.057008,0.054305
201503,2067.889893,40.80660984693691,99.25,0.30745404508970464,0.0003,0.0364,0.0454,0.023,-0.00689007561558131,0.0,0.00595172161109736,0.0137,0.0058,0.0017203795770000003,,-0.014993,-0.016628
201504,2085.51001,41.11840716793592,97.80333333333334,0.3063442096979236,0.0002,0.0352,0.044800000000000006,0.0249,-0.0070747769996875156,0.0,0.002032873254587786,-0.025,-0.0223,0.000574337753,,0.009101,0.008004
201505,2107.389893,41.43020448893493,96.35666666666667,0.30344995302787015,0.0002,0.0398,0.0489,0.0262,-0.0075049262540816284,0.0,0.0050972320254947245,-0.0159,-0.0204,0.000887003065,,0.012522,0.010141
201506,2063.110107,41.74200180993394,94.91,0.31018683266447256,0.0002,0.04190000000000001,0.0513,0.0285,-0.00813838689884572,0.0,0.003502869998528224,-0.0298,-0.032,0.0010521363040000003,,-0.019343,-0.02102
201507,2103.840088,41.9981333764469,93.49333333333334,0.3089532647516713,0.0003,0.0415,0.052000000000000005,0.0263,-0.008118121776619717,0.0,6.7047159295619e-05,0.0329,0.0239,0.0011597780769999999,,0.021297,0.020101
201508,1972.180054,42.254264942959864,92.07666666666667,0.3306709874074527,0.0007000000000000001,0.0404,0.0519,0.0264,-0.009546374783267163,0.0,-0.0014162762828194841,0.0012,-0.0067,0.0058469963979999985,,-0.060086,-0.062433
201509,1920.030029,42.51039650947283,90.66,0.3356119547796398,0.0002,0.0407,0.053399999999999996,0.0253,-0.01299698256698244,0.0,-0.0015567565753034085,0.0174,0.013300000000000001,0.004053479226,,-0.024547,-0.026258
201510,2079.360107,42.8028934599586,89.28333333333333,0.3094136282987442,0.0002,0.0395,0.053399999999999996,0.0259,-0.0162263554584491,0.0,-0.00044968375044651676,-0.0053,0.002,0.001618901032,,0.083449,0.082049
201511,2080.409912,43.095390410444374,87.90666666666667,0.3084291576937142,0.0012,0.0406,0.0546,0.0265,-0.017827635732931252,0.0,-0.0021106803790814643,-0.006500000000000001,0.002,0.001118721466,,0.003373,0.000817
201512,2043.939941,43.387887360930144,86.53,0.31364881437793796,0.0023,0.0397,0.0546,0.0268,-0.021622960811999346,0.0001,-0.0034170964371187385,-0.0022,0.0,0.0028385654640000007,,-0.015247,-0.017076
201601,1940.24,43.55057143838622,86.5,0.331910629588918,0.0026,0.04,0.0545,0.0236,-0.02028268717105202,0.0001,0.0016531022090686687,0.0476,0.0067,0.0043012482200000006,,-0.0491,-0.05025
201602,1932.23,43.7132555158423,86.47,0.33090182544728003,0.0031,0.039599999999999996,0.053399999999999996,0.0217,-0.024050726422391474,0.0002,0.000823076533454925,0.0294,0.0232,0.0026015071079999994,,-0.001742,-0.004457
201603,2059.74,43.87593959329838,86.44,0.3279547912959448,0.0029,0.0382,0.0513,0.0218,-0.0230362871497179,0.0002,0.004306000143392774,-0.0003,0.0423,0.001274176685,,0.06734,0.065146
201604,2065.3,44.07058552145557,86.6,0.3263208886868419,0.0023,0.0362,0.0479,0.0223,-0.02354300017153776,0.0001,0.004741067979104008,-0.0053,0.0146,0.0008177839820000001,,0.003747,0.002576
201605,2096.95,44.26523144961276,86.75999999999999,0.32607211927678326,0.0027,0.0365,0.046799999999999994,0.0219,-0.026992781298363983,0.0001,0.004045790998115084,0.0082,0.0016,0.000995577082,,0.018487,0.015886
201606,2098.86,44.459877377769956,86.92,0.3234753616705865,0.0027,0.035,0.0453,0.0179,-0.028623720652416314,0.0002,0.0032843661672818936,0.059,0.0377,0.0028644366200000003,,0.002675,0.001002
201607,2173.6,44.64848202109421,87.64333333333333,0.314661158925882,0.003,0.032799999999999996,0.042199999999999994,0.0175,-0.031614369139586616,0.0002,-0.001618136404749948,0.0081,0.0245,0.00047764737299999985,,0.036571,0.035324
201608,2170.95,44.837086664418464,88.36666666666667,0.3151974253405272,0.003,0.0332,0.0424,0.0186,-0.030722889438843663,0.0002,0.0009184301078843937,-0.014,0.0016,0.00027916755899999997,,0.001247,-0.001396
201609,2168.27,45.02569130774271,89.09,0.31679388687551713,0.0029,0.0341,0.0431,0.0196,-0.032543479197616305,0.0002,0.002403995864628916,-0.0124,-0.0119,0.0016731028149999999,,0.000446,-0.001033
201610,2126.15,45.25066203359443,90.91,0.3196877814536319,0.0033,0.0351,0.0438,0.022,-0.028975535010855077,0.0002,0.0012467485130143174,-0.0314,-0.0263,0.000364069819,,-0.017958,-0.019206
201611,2198.81,45.47563275944614,92.73,0.3032857864479349,0.0045000000000000005,0.038599999999999995,0.0471,0.0267,-0.027373410261746854,0.0001,-0.0015554608673349346,-0.0599,-0.051,0.0009463678150000001,,0.03579,0.033007
201612,2238.83,45.70060348529786,94.55,0.2934790968799652,0.0051,0.0406,0.0483,0.0272,-0.025027240924090886,0.0003,0.0003273213923173923,-0.0057,0.0059,0.000524021508,,0.0192,0.017569
201701,2278.870117,45.92787694074595,96.46333333333334,0.29197964998894116,0.0051,0.0392,0.0466,0.0278,-0.022582236336451785,0.0004,0.0058277278902547636,0.0043,-0.0021,0.00033559194799999995,,0.019384,0.018311
201702,2363.639893,46.15515039619405,98.37666666666667,0.27867783260184326,0.0052,0.0395,0.0464,0.027,-0.01863559256584041,0.0004,0.0031461173864164582,0.0137,0.0212,0.00022389900399999996,,0.039459,0.037052
201703,2362.719971,46.382423851642145,100.28999999999999,0.2815988893326394,0.0074,0.0401,0.046799999999999994,0.0274,-0.016162454556562164,0.0003,0.0008127978719472129,-0.004,-0.0062,0.000575306363,,0.001664,5.5e-05
201704,2384.199951,46.66128904097401,101.53333333333333,0.2778700263279923,0.008,0.0387,0.045700000000000005,0.0265,-0.015546561001686209,0.0005,0.002965533365326678,0.014499999999999999,0.0176,0.000390542047,,0.010591,0.009439
201705,2411.800049,46.94015423030588,102.77666666666667,0.2769687672318408,0.0089,0.0385,0.0455,0.0256,-0.010159928494867299,0.0006,0.0008547218268963874,0.0158,0.0226,0.0005030806759999999,,0.014552,0.01192
201706,2423.409912,47.219019419637746,104.02,0.2725452275230835,0.0098,0.0368,0.0437,0.0258,-0.009759304400567811,0.0006,0.0009071110148610728,-0.001,0.0108,0.000447563219,,0.005798,0.004364
201707,2470.300049,47.537047272445676,105.03999999999999,0.26580367876679495,0.010700000000000001,0.037000000000000005,0.043899999999999995,0.0262,-0.013137765013073987,0.0007000000000000001,-0.0006899226388520363,-0.0027,0.006,0.0002588621,,0.020696,0.019162
201708,2471.649902,47.85507512525361,106.06,0.2651136136458018,0.0101,0.0363,0.0431,0.0242,-0.012188566939644197,0.0009,0.0029944522971085963,0.028900000000000002,0.015300000000000001,0.000753374166,,0.002238,-0.000324
201709,2519.360107,48.17310297806154,107.08000000000001,0.2597061667913033,0.0103,0.0363,0.043,0.0259,-0.011062189986329697,0.0009,0.005294905893230117,-0.020499999999999997,-0.0037,0.000257243202,,0.02005,0.018742
201710,2575.26001,48.4260750972436,108.01333333333334,0.24890619858272187,0.010700000000000001,0.036000000000000004,0.0432,0.0261,-0.012356026269791633,0.0009,-0.0006320421037276924,-0.0013,0.0076,0.00021814648199999995,,0.024158,0.023006
201711,2584.840088,48.67904721642566,108.94666666666666,0.2397271007435743,0.0123,0.035699999999999996,0.042699999999999995,0.026,-0.01218979361265345,0.0008,2.4324685907517463e-05,0.0036,0.002,0.000355330338,,0.031389,0.02886
201712,2673.610107,48.93201933560771,109.88,0.2353933430957158,0.0132,0.0351,0.042199999999999994,0.0254,-0.019874817542072997,0.0009,-0.0005878322772623346,0.0102,0.0256,0.000244097011,,0.011149,0.009851
201801,2823.81,49.289022753262884,111.73333333333332,0.22251914863023572,0.0141,0.0355,0.0426,0.0284,-0.019039774478631432,0.0011,0.0054477454527752656,-0.0315,-0.024300000000000002,0.000774270143,,0.05806,0.057018
201802,2713.83,49.64602617091806,113.58666666666666,0.23247806561935658,0.015700000000000002,0.0382,0.0451,0.0301,-0.018316998744764515,0.0011,0.004534689974865724,-0.022400000000000003,-0.0313,0.005361628254999999,,-0.037661,-0.039702
201803,2640.87,50.003029588573234,115.44,0.25946153836579594,0.017,0.0387,0.0464,0.0285,-0.018220027100990528,0.0012,0.002261125904149175,0.0259,0.0124,0.0032467318000000004,,-0.025459,-0.027092
201804,2648.05,50.332116442041254,117.78666666666666,0.2588168347256049,0.0176,0.0385,0.0467,0.03,-0.018603347924929892,0.0014000000000000002,0.003975091563348965,-0.0177,-0.02,0.0023626805049999995,,0.00377,0.002656
201805,2705.27,50.66120329550927,120.13333333333333,0.2561382282976953,0.018600000000000002,0.04,0.0483,0.0289,-0.018930386349597053,0.0014000000000000002,0.004158916925434797,0.016399999999999998,0.013999999999999999,0.000922723583,,0.0238,0.021317
201806,2718.37,50.990290148977294,122.48,0.2576624102184422,0.019,0.039599999999999996,0.0483,0.0291,-0.02209780457442926,0.0014000000000000002,0.001593875701543901,0.0007000000000000001,-0.0124,0.000622857619,,0.00684,0.005507
201807,2816.29,51.43985860759861,125.11666666666667,0.24606662393631526,0.0196,0.0387,0.0479,0.0302,-0.017093480100648373,0.0016,6.746326228523891e-05,-0.0131,0.0101,0.0006544227620000001,,0.037144,0.03597
201808,2901.52,51.88942706621994,127.75333333333333,0.24085782223793578,0.0203,0.0388,0.04769999999999999,0.0293,-0.02144818956364745,0.0016,0.0005555423283571947,0.0152,0.0058,0.00047124083600000007,,0.032938,0.030647
201809,2913.98,52.33899552484125,130.39,0.2363654367947159,0.0213,0.0398,0.048799999999999996,0.0334,-0.02083146497117981,0.0015,0.0011620251758901468,-0.0518,-0.012,0.000230075132,,0.005138,0.003758
201810,2711.74,52.80872304476646,131.05666666666667,0.249000229338073,0.0225,0.0414,0.0507,0.0352,-0.02121465299167644,0.0019,0.001766763455725906,-0.0204,-0.0323,0.004577565025,,-0.068409,-0.069492
201811,2760.17,53.27845056469167,131.72333333333333,0.24487890029390966,0.0233,0.042199999999999994,0.052199999999999996,0.0317,-0.024591865722456276,0.0018,-0.0033493485181009808,0.050499999999999996,0.0070999999999999995,0.002837615344,,0.019752,0.017259
201812,2506.85,53.74817808461687,132.39,0.2680887674869017,0.023700000000000002,0.04019999999999999,0.0513,0.0284,-0.0192260362720243,0.0019,-0.0031939628151310684,0.0481,0.037000000000000005,0.006793078545999998,,-0.090646,-0.092188
201901,2704.100098,54.14442320688079,133.05666666666667,0.25015650284632585,0.023700000000000002,0.0393,0.0512,0.0271,-0.01930289369884359,0.0021,0.0019065966652469513,0.008,0.0277,0.0030114060869999995,,0.081409,0.080024
201902,2784.48999,54.5406683291447,133.72333333333336,0.24131154499151103,0.0239,0.0379,0.0495,0.0268,-0.023157883884938595,0.0018,0.004227053140096748,-0.0091,-0.0074,0.000532391807,,0.031708,0.029398
201903,2834.399902,54.936913451408614,134.39000000000001,0.25308808928813514,0.024,0.0377,0.0484,0.025699999999999997,-0.023230308371855496,0.0019,0.005641358356806014,0.0447,0.048499999999999995,0.0011070981060000002,,0.019531,0.018007
201904,2945.830078,55.317033881531785,134.68333333333334,0.2467665239157513,0.023799999999999998,0.0369,0.047,0.0253,-0.02169954643806954,0.0021,0.0052950016128905375,-0.0126,-0.0089,0.00037442533800000007,,0.040629,0.039469
201905,2752.060059,55.697154311654955,134.9766666666667,0.2644460878477723,0.0235,0.036699999999999997,0.0463,0.024,-0.020383949686153535,0.0021,0.0021287585893843275,0.053,0.037599999999999995,0.001831631661,,-0.063187,-0.065503
201906,2941.76001,56.077274741778126,135.27,0.24670111415935794,0.0217,0.0342,0.0446,0.0207,-0.01256242128694516,0.0018,0.00019914718148150712,0.0104,0.0337,0.001064785867,,0.069561,0.068056
201907,2980.379883,56.45801879251466,134.48000000000002,0.24427390413230884,0.021,0.0329,0.042800000000000005,0.0206,-0.012628416011274169,0.0019,0.0016709416224534035,0.0024,0.0084,0.0005935489039999999,,0.014603,0.013367
201908,2926.459961,56.83876284325119,133.69,0.24853882452190762,0.0195,0.0298,0.0387,0.0163,-0.010166804219628178,0.0016,-5.066823608290694e-05,0.0797,0.0738,0.004317874160999999,,-0.016085,-0.018377
201909,2976.73999,57.21950689398771,132.9,0.2437969099995743,0.0189,0.030299999999999997,0.0391,0.017,-0.010861526072903442,0.0018,0.0007834485769300237,-0.0192,-0.019,0.0006054374550000001,,0.018791,0.017272
201910,3037.560059,57.55987878123912,135.09,0.2426304844041592,0.0165,0.0301,0.0392,0.0171,-0.013180934318980366,0.0015,0.002286190552229783,-0.0052,0.0006,0.0015103188940000002,,0.021621,0.020441
201911,3140.97998,57.90025066849052,137.28,0.23393618942883634,0.0154,0.030600000000000002,0.0394,0.0181,-0.00781992882353015,0.0012,-0.0005362430346691482,-0.0059,0.0014000000000000002,0.000306342063,,0.036206,0.033979
201912,3230.780029,58.24062255574193,139.47,0.22994389762647544,0.0154,0.0301,0.0388,0.018600000000000002,-0.007222269529714009,0.0014000000000000002,-0.0009097695250538385,-0.0253,-0.0089,0.00050237993,,0.029787,0.028136
202001,3225.52,58.68728289928799,131.75666666666666,0.23224211480757226,0.0152,0.0294,0.0377,0.0176,-0.007717346010004516,0.0013,0.003879769937814803,0.0632,0.0519,0.0011190378549999999,,0.000108,-0.001129
202002,2954.22,59.13394324283405,124.04333333333332,0.2582607417665366,0.0152,0.0278,0.0361,0.015,-0.0055862582588138065,0.0012,0.002740618131495287,0.0588,0.027999999999999997,0.004776646394,,-0.081872,-0.08408
202003,2584.59,59.58060358638012,116.33,0.3060971381442142,0.0029,0.0302,0.0429,0.0087,-0.007730938734878175,0.0012,-0.002176451031784654,0.0625,-0.0351,0.07315339871000001,,-0.121997,-0.123686
202004,2912.43,59.61487292509794,110.63,0.27556301477220635,0.0014000000000000002,0.024300000000000002,0.041299999999999996,0.0066,-0.010564803567549165,0.0,-0.006686941866997254,0.008199999999999999,0.0347,0.014307430119000002,,0.128894,0.127654
202005,3044.31,59.64914226381576,104.93,0.2643009465743165,0.0013,0.025,0.0395,0.0067,-0.014966918251563033,0.0001,1.9501616683959e-05,-0.0097,0.0084,0.004072046154999999,,0.047818,0.045587
202006,3100.29,59.683411602533575,99.23,0.25990048378948805,0.0016,0.024399999999999998,0.0364,0.0073,-0.01684502163473136,0.0001,0.005472046927775365,0.0023,0.0146,0.007208532848999999,,0.020348,0.018885
202007,3271.12,59.40601997305916,98.89333333333335,0.25384814471748485,0.0013,0.021400000000000002,0.0331,0.0062,-0.011998151659958678,0.0001,0.005058243501669724,0.0287,0.061,0.001607941829,,0.05691,0.055682
202008,3500.31,59.12862834358475,98.55666666666667,0.23597496311121507,0.001,0.0225,0.0327,0.006500000000000001,-0.00850388464007492,0.0001,0.0031532105240814623,-0.0349,-0.048799999999999996,0.0007434221029999999,,0.072068,0.070308
202009,3363.0,58.85123671411033,98.22,0.24148198274403654,0.0011,0.0231,0.0336,0.0068000000000000005,-0.005698077797329281,0.0001,0.0013927469432666317,0.008,0.0040999999999999995,0.004907453650000001,,-0.038151,-0.039366
202010,3269.96,58.660439854743615,96.85666666666667,0.2531462251335768,0.001,0.0235,0.0344,0.0079,-0.001895113387155948,0.0001,0.0004149377593360981,-0.023799999999999998,-0.019,0.0036611854179999996,,-0.026409,-0.027507
202011,3621.63,58.46964299537689,95.49333333333334,0.22635249120742382,0.0009,0.023,0.033,0.0087,-0.005261818724759181,0.0001,-0.0006106272178441063,0.009300000000000001,0.0509,0.0024920223819999998,,0.109403,0.107623
202012,3756.07,58.27884613601017,94.13,0.21919475875696912,0.0009,0.0226,0.0316,0.009300000000000001,-9.3534577604407e-05,0.0001,0.0009414784670425114,-0.0115,0.0,0.0006781722389999999,,0.041573,0.040138
